{
  "count": 80000.0,
  "mean": 0.0006142597267271878,
  "std": 0.010691356560762711,
  "min": 3.3757957024894663e-06,
  "50%": 1.9064384815630843e-05,
  "90%": 0.00029837871210081296,
  "95%": 0.0008996692163179367,
  "99%": 0.006963695322838942,
  "99.5%": 0.01634759450658726,
  "99.9%": 0.09484014704139646,
  "max": 0.9411059103193598
}