segment,cards,transactions,mean_amount_kzt,median_amount_kzt,online_ratio,recurring_ratio,tokenized_ratio
Consumer,80000,9832487,54045.424791306614,11892.0,0.46510114887515236,0.027179898636021587,0.3862529388546357
Known business,25000,2997593,156535.27468071884,77224.0,0.8466286116894455,0.1334470690317198,0.6000080731440193
