model,accuracy,precision,recall,f1,roc_auc,pr_auc,tn,fp,fn,tp
CatBoost,0.9999047619047619,1.0,0.9996,0.9997999599919984,1.0,1.0,16000,0,2,4998
Random Forest,0.9998571428571429,1.0,0.9994,0.9996999099729919,1.0,1.0,16000,0,3,4997
Logistic Regression,0.9998095238095238,0.9992006394884093,1.0,0.9996001599360256,0.9999996875,0.9999989998071895,15996,4,0,5000
